-- phpMyAdmin SQL Dump
-- version 4.6.6deb5
-- https://www.phpmyadmin.net/
--
-- Host: localhost:3306
-- Tempo de geração: 06/01/2020 às 15:59
-- Versão do servidor: 5.7.27-0ubuntu0.16.04.1
-- Versão do PHP: 7.2.24-0ubuntu0.18.04.1

SET SQL_MODE = "NO_AUTO_VALUE_ON_ZERO";
SET time_zone = "+00:00";


/*!40101 SET @OLD_CHARACTER_SET_CLIENT=@@CHARACTER_SET_CLIENT */;
/*!40101 SET @OLD_CHARACTER_SET_RESULTS=@@CHARACTER_SET_RESULTS */;
/*!40101 SET @OLD_COLLATION_CONNECTION=@@COLLATION_CONNECTION */;
/*!40101 SET NAMES utf8mb4 */;

--
-- Banco de dados: `curso_spring`
--

-- --------------------------------------------------------

--
-- Estrutura para tabela `categoria`
--

CREATE TABLE `categoria` (
  `id` int(11) NOT NULL,
  `nome` varchar(255) DEFAULT NULL
) ENGINE=InnoDB DEFAULT CHARSET=latin1;

--
-- Fazendo dump de dados para tabela `categoria`
--

INSERT INTO `categoria` (`id`, `nome`) VALUES
(1, 'Informatica'),
(2, 'Escritorio'),
(3, 'Cama Mesa e Banho'),
(4, 'Eletronicos'),
(5, 'Jardinagem'),
(6, 'Decoracao'),
(7, 'Perfumaria');

-- --------------------------------------------------------

--
-- Estrutura para tabela `cidade`
--

CREATE TABLE `cidade` (
  `id` int(11) NOT NULL,
  `nome` varchar(255) DEFAULT NULL,
  `estado_id` int(11) DEFAULT NULL
) ENGINE=InnoDB DEFAULT CHARSET=latin1;

--
-- Fazendo dump de dados para tabela `cidade`
--

INSERT INTO `cidade` (`id`, `nome`, `estado_id`) VALUES
(1, 'Uberlandia', 1),
(2, 'Sao Paulo', 2),
(3, 'Campinas', 2);

-- --------------------------------------------------------

--
-- Estrutura para tabela `cliente`
--

CREATE TABLE `cliente` (
  `id` int(11) NOT NULL,
  `cpf_ou_cnpj` varchar(255) DEFAULT NULL,
  `email` varchar(255) DEFAULT NULL,
  `nome` varchar(255) DEFAULT NULL,
  `tipo` int(11) DEFAULT NULL
) ENGINE=InnoDB DEFAULT CHARSET=latin1;

--
-- Fazendo dump de dados para tabela `cliente`
--

INSERT INTO `cliente` (`id`, `cpf_ou_cnpj`, `email`, `nome`, `tipo`) VALUES
(1, '36378912377', 'maria@gmail.com', 'Maria Silva', 1);

-- --------------------------------------------------------

--
-- Estrutura para tabela `endereco`
--

CREATE TABLE `endereco` (
  `id` int(11) NOT NULL,
  `bairro` varchar(255) DEFAULT NULL,
  `cep` varchar(255) DEFAULT NULL,
  `complemento` varchar(255) DEFAULT NULL,
  `logradouro` varchar(255) DEFAULT NULL,
  `numero` varchar(255) DEFAULT NULL,
  `cidade_id` int(11) DEFAULT NULL,
  `cliente_id` int(11) DEFAULT NULL
) ENGINE=InnoDB DEFAULT CHARSET=latin1;

--
-- Fazendo dump de dados para tabela `endereco`
--

INSERT INTO `endereco` (`id`, `bairro`, `cep`, `complemento`, `logradouro`, `numero`, `cidade_id`, `cliente_id`) VALUES
(1, 'Jardim', '38220834', 'Apto 303', 'Rua Flores', '300', 1, 1),
(2, 'Centro', '387777012', 'Sala 800', 'Avenida Matos', '3105', 2, 1);

-- --------------------------------------------------------

--
-- Estrutura para tabela `estado`
--

CREATE TABLE `estado` (
  `id` int(11) NOT NULL,
  `nome` varchar(255) DEFAULT NULL
) ENGINE=InnoDB DEFAULT CHARSET=latin1;

--
-- Fazendo dump de dados para tabela `estado`
--

INSERT INTO `estado` (`id`, `nome`) VALUES
(1, 'Minas Gerais'),
(2, 'Sao Paulo');

-- --------------------------------------------------------

--
-- Estrutura para tabela `item_pedido`
--

CREATE TABLE `item_pedido` (
  `desconto` double DEFAULT NULL,
  `preco` double DEFAULT NULL,
  `quantidade` int(11) DEFAULT NULL,
  `pedido_id` int(11) NOT NULL,
  `produto_id` int(11) NOT NULL
) ENGINE=InnoDB DEFAULT CHARSET=latin1;

--
-- Fazendo dump de dados para tabela `item_pedido`
--

INSERT INTO `item_pedido` (`desconto`, `preco`, `quantidade`, `pedido_id`, `produto_id`) VALUES
(0, 2000, 1, 1, 1),
(0, 80, 2, 1, 3),
(100, 800, 1, 2, 2);

-- --------------------------------------------------------

--
-- Estrutura para tabela `pagamento`
--

CREATE TABLE `pagamento` (
  `pedido_id` int(11) NOT NULL,
  `estado` int(11) DEFAULT NULL
) ENGINE=InnoDB DEFAULT CHARSET=latin1;

--
-- Fazendo dump de dados para tabela `pagamento`
--

INSERT INTO `pagamento` (`pedido_id`, `estado`) VALUES
(1, NULL),
(2, NULL);

-- --------------------------------------------------------

--
-- Estrutura para tabela `pagamento_com_boleto`
--

CREATE TABLE `pagamento_com_boleto` (
  `data_pagamento` datetime(6) DEFAULT NULL,
  `data_vencimento` datetime(6) DEFAULT NULL,
  `pedido_id` int(11) NOT NULL
) ENGINE=InnoDB DEFAULT CHARSET=latin1;

--
-- Fazendo dump de dados para tabela `pagamento_com_boleto`
--

INSERT INTO `pagamento_com_boleto` (`data_pagamento`, `data_vencimento`, `pedido_id`) VALUES
(NULL, '2017-10-19 23:00:00.000000', 2);

-- --------------------------------------------------------

--
-- Estrutura para tabela `pagamento_com_cartao`
--

CREATE TABLE `pagamento_com_cartao` (
  `numero_de_parcelas` int(11) DEFAULT NULL,
  `pedido_id` int(11) NOT NULL
) ENGINE=InnoDB DEFAULT CHARSET=latin1;

--
-- Fazendo dump de dados para tabela `pagamento_com_cartao`
--

INSERT INTO `pagamento_com_cartao` (`numero_de_parcelas`, `pedido_id`) VALUES
(6, 1);

-- --------------------------------------------------------

--
-- Estrutura para tabela `pedido`
--

CREATE TABLE `pedido` (
  `id` int(11) NOT NULL,
  `instante` datetime(6) DEFAULT NULL,
  `cliente_id` int(11) DEFAULT NULL,
  `endereco_de_entrega_id` int(11) DEFAULT NULL
) ENGINE=InnoDB DEFAULT CHARSET=latin1;

--
-- Fazendo dump de dados para tabela `pedido`
--

INSERT INTO `pedido` (`id`, `instante`, `cliente_id`, `endereco_de_entrega_id`) VALUES
(1, '2017-09-30 10:32:00.000000', 1, 1),
(2, '2017-10-10 19:35:00.000000', 1, 2);

-- --------------------------------------------------------

--
-- Estrutura para tabela `produto`
--

CREATE TABLE `produto` (
  `id` int(11) NOT NULL,
  `nome` varchar(255) DEFAULT NULL,
  `preco` double DEFAULT NULL
) ENGINE=InnoDB DEFAULT CHARSET=latin1;

--
-- Fazendo dump de dados para tabela `produto`
--

INSERT INTO `produto` (`id`, `nome`, `preco`) VALUES
(1, 'Computador', 2000),
(2, 'Impressora', 800),
(3, 'Mouse', 80),
(4, 'Mesa de escritório', 300),
(5, 'Toalha', 50),
(6, 'Colcha', 200),
(7, 'TV true color', 1200),
(8, 'Roçadeira', 800),
(9, 'Abajour', 100),
(10, 'Pendente', 180),
(11, 'Shampoo', 90);

-- --------------------------------------------------------

--
-- Estrutura para tabela `produto_categoria`
--

CREATE TABLE `produto_categoria` (
  `produto_id` int(11) NOT NULL,
  `categoria_id` int(11) NOT NULL
) ENGINE=InnoDB DEFAULT CHARSET=latin1;

--
-- Fazendo dump de dados para tabela `produto_categoria`
--

INSERT INTO `produto_categoria` (`produto_id`, `categoria_id`) VALUES
(1, 1),
(1, 4),
(2, 1),
(2, 2),
(2, 4),
(3, 1),
(3, 4),
(4, 2),
(5, 3),
(6, 3),
(7, 4),
(8, 5),
(9, 6),
(10, 6),
(11, 7);

-- --------------------------------------------------------

--
-- Estrutura para tabela `telefone`
--

CREATE TABLE `telefone` (
  `cliente_id` int(11) NOT NULL,
  `telefones` varchar(255) DEFAULT NULL
) ENGINE=InnoDB DEFAULT CHARSET=latin1;

--
-- Fazendo dump de dados para tabela `telefone`
--

INSERT INTO `telefone` (`cliente_id`, `telefones`) VALUES
(1, '27363323'),
(1, '93838393');

--
-- Índices de tabelas apagadas
--

--
-- Índices de tabela `categoria`
--
ALTER TABLE `categoria`
  ADD PRIMARY KEY (`id`);

--
-- Índices de tabela `cidade`
--
ALTER TABLE `cidade`
  ADD PRIMARY KEY (`id`),
  ADD KEY `FKkworrwk40xj58kevvh3evi500` (`estado_id`);

--
-- Índices de tabela `cliente`
--
ALTER TABLE `cliente`
  ADD PRIMARY KEY (`id`),
  ADD UNIQUE KEY `UK_cmxo70m08n43599l3h0h07cc6` (`email`);

--
-- Índices de tabela `endereco`
--
ALTER TABLE `endereco`
  ADD PRIMARY KEY (`id`),
  ADD KEY `FK8b1kcb3wucapb8dejshyn5fsx` (`cidade_id`),
  ADD KEY `FK8s7ivtl4foyhrfam9xqom73n9` (`cliente_id`);

--
-- Índices de tabela `estado`
--
ALTER TABLE `estado`
  ADD PRIMARY KEY (`id`);

--
-- Índices de tabela `item_pedido`
--
ALTER TABLE `item_pedido`
  ADD PRIMARY KEY (`pedido_id`,`produto_id`),
  ADD KEY `FKtk55mn6d6bvl5h0no5uagi3sf` (`produto_id`);

--
-- Índices de tabela `pagamento`
--
ALTER TABLE `pagamento`
  ADD PRIMARY KEY (`pedido_id`);

--
-- Índices de tabela `pagamento_com_boleto`
--
ALTER TABLE `pagamento_com_boleto`
  ADD PRIMARY KEY (`pedido_id`);

--
-- Índices de tabela `pagamento_com_cartao`
--
ALTER TABLE `pagamento_com_cartao`
  ADD PRIMARY KEY (`pedido_id`);

--
-- Índices de tabela `pedido`
--
ALTER TABLE `pedido`
  ADD PRIMARY KEY (`id`),
  ADD KEY `FK30s8j2ktpay6of18lbyqn3632` (`cliente_id`),
  ADD KEY `FK1fihyy2fnocpuwc74674qmfkv` (`endereco_de_entrega_id`);

--
-- Índices de tabela `produto`
--
ALTER TABLE `produto`
  ADD PRIMARY KEY (`id`);

--
-- Índices de tabela `produto_categoria`
--
ALTER TABLE `produto_categoria`
  ADD KEY `FKq3g33tp7xk2juh53fbw6y4y57` (`categoria_id`),
  ADD KEY `FK1c0y58d3n6x3m6euv2j3h64vt` (`produto_id`);

--
-- Índices de tabela `telefone`
--
ALTER TABLE `telefone`
  ADD KEY `FK8aafha0njkoyoe3kvrwsy3g8u` (`cliente_id`);

--
-- AUTO_INCREMENT de tabelas apagadas
--

--
-- AUTO_INCREMENT de tabela `categoria`
--
ALTER TABLE `categoria`
  MODIFY `id` int(11) NOT NULL AUTO_INCREMENT, AUTO_INCREMENT=8;
--
-- AUTO_INCREMENT de tabela `cidade`
--
ALTER TABLE `cidade`
  MODIFY `id` int(11) NOT NULL AUTO_INCREMENT, AUTO_INCREMENT=4;
--
-- AUTO_INCREMENT de tabela `cliente`
--
ALTER TABLE `cliente`
  MODIFY `id` int(11) NOT NULL AUTO_INCREMENT, AUTO_INCREMENT=2;
--
-- AUTO_INCREMENT de tabela `endereco`
--
ALTER TABLE `endereco`
  MODIFY `id` int(11) NOT NULL AUTO_INCREMENT, AUTO_INCREMENT=3;
--
-- AUTO_INCREMENT de tabela `estado`
--
ALTER TABLE `estado`
  MODIFY `id` int(11) NOT NULL AUTO_INCREMENT, AUTO_INCREMENT=3;
--
-- AUTO_INCREMENT de tabela `pedido`
--
ALTER TABLE `pedido`
  MODIFY `id` int(11) NOT NULL AUTO_INCREMENT, AUTO_INCREMENT=3;
--
-- AUTO_INCREMENT de tabela `produto`
--
ALTER TABLE `produto`
  MODIFY `id` int(11) NOT NULL AUTO_INCREMENT, AUTO_INCREMENT=12;
--
-- Restrições para dumps de tabelas
--

--
-- Restrições para tabelas `cidade`
--
ALTER TABLE `cidade`
  ADD CONSTRAINT `FKkworrwk40xj58kevvh3evi500` FOREIGN KEY (`estado_id`) REFERENCES `estado` (`id`);

--
-- Restrições para tabelas `endereco`
--
ALTER TABLE `endereco`
  ADD CONSTRAINT `FK8b1kcb3wucapb8dejshyn5fsx` FOREIGN KEY (`cidade_id`) REFERENCES `cidade` (`id`),
  ADD CONSTRAINT `FK8s7ivtl4foyhrfam9xqom73n9` FOREIGN KEY (`cliente_id`) REFERENCES `cliente` (`id`);

--
-- Restrições para tabelas `item_pedido`
--
ALTER TABLE `item_pedido`
  ADD CONSTRAINT `FK60ym08cfoysa17wrn1swyiuda` FOREIGN KEY (`pedido_id`) REFERENCES `pedido` (`id`),
  ADD CONSTRAINT `FKtk55mn6d6bvl5h0no5uagi3sf` FOREIGN KEY (`produto_id`) REFERENCES `produto` (`id`);

--
-- Restrições para tabelas `pagamento`
--
ALTER TABLE `pagamento`
  ADD CONSTRAINT `FKthad9tkw4188hb3qo1lm5ueb0` FOREIGN KEY (`pedido_id`) REFERENCES `pedido` (`id`);

--
-- Restrições para tabelas `pagamento_com_boleto`
--
ALTER TABLE `pagamento_com_boleto`
  ADD CONSTRAINT `FKcr74vrxf8nfph0knq2bho8doo` FOREIGN KEY (`pedido_id`) REFERENCES `pagamento` (`pedido_id`);

--
-- Restrições para tabelas `pagamento_com_cartao`
--
ALTER TABLE `pagamento_com_cartao`
  ADD CONSTRAINT `FKta3cdnuuxclwfh52t4qi432ow` FOREIGN KEY (`pedido_id`) REFERENCES `pagamento` (`pedido_id`);

--
-- Restrições para tabelas `pedido`
--
ALTER TABLE `pedido`
  ADD CONSTRAINT `FK1fihyy2fnocpuwc74674qmfkv` FOREIGN KEY (`endereco_de_entrega_id`) REFERENCES `endereco` (`id`),
  ADD CONSTRAINT `FK30s8j2ktpay6of18lbyqn3632` FOREIGN KEY (`cliente_id`) REFERENCES `cliente` (`id`);

--
-- Restrições para tabelas `produto_categoria`
--
ALTER TABLE `produto_categoria`
  ADD CONSTRAINT `FK1c0y58d3n6x3m6euv2j3h64vt` FOREIGN KEY (`produto_id`) REFERENCES `produto` (`id`),
  ADD CONSTRAINT `FKq3g33tp7xk2juh53fbw6y4y57` FOREIGN KEY (`categoria_id`) REFERENCES `categoria` (`id`);

--
-- Restrições para tabelas `telefone`
--
ALTER TABLE `telefone`
  ADD CONSTRAINT `FK8aafha0njkoyoe3kvrwsy3g8u` FOREIGN KEY (`cliente_id`) REFERENCES `cliente` (`id`);

/*!40101 SET CHARACTER_SET_CLIENT=@OLD_CHARACTER_SET_CLIENT */;
/*!40101 SET CHARACTER_SET_RESULTS=@OLD_CHARACTER_SET_RESULTS */;
/*!40101 SET COLLATION_CONNECTION=@OLD_COLLATION_CONNECTION */;
